[{"model": "auth.user", "pk": 705, "fields": {"password": "pbkdf2_sha256$36000$7sbxI2zCppiw$ByanFOVzop0XuF5s5tpOxYezqCUaEOs0SBOhw6V9gvI=", "last_login": null, "is_superuser": false, "username": "benny", "first_name": "", "last_name": "", "email": "bennytestmail.fi", "is_staff": false, "is_active": true, "date_joined": "2018-04-30T13:40:30.823Z", "groups": [], "user_permissions": []}}, {"model": "auth.user", "pk": 706, "fields": {"password": "pbkdf2_sha256$36000$MaP0joArQVIk$xKoWuNQUJNFPUde2dwkNq+LH70VzfxOErvezzirUdUs=", "last_login": null, "is_superuser": false, "username": "benny_E3", "first_name": "", "last_name": "", "email": "benny_E3testmail.fi", "is_staff": false, "is_active": true, "date_joined": "2018-04-30T13:40:30.885Z", "groups": [], "user_permissions": []}}, {"model": "auth.user", "pk": 707, "fields": {"password": "pbkdf2_sha256$36000$HjM7cdeICcJQ$E/kpvuXOerNqIcbNsKMzChG9UhMtKvZberwf+smNWXU=", "last_login": null, "is_superuser": false, "username": "omar", "first_name": "", "last_name": "", "email": "omartestmail.fi", "is_staff": false, "is_active": true, "date_joined": "2018-04-30T13:40:30.948Z", "groups": [], "user_permissions": []}}, {"model": "auth.user", "pk": 708, "fields": {"password": "pbkdf2_sha256$36000$eKH2vHML2WEl$iMLCo4NrVx+O2VmvCKCs8HwDgGb3LY8ead51FvgpfdY=", "last_login": null, "is_superuser": false, "username": "aztec", "first_name": "", "last_name": "", "email": "aztectestmail.fi", "is_staff": false, "is_active": true, "date_joined": "2018-04-30T13:40:31.026Z", "groups": [], "user_permissions": []}}, {"model": "auth.user", "pk": 709, "fields": {"password": "pbkdf2_sha256$36000$xxjy2w4ZVKp2$evu8n9MNgumZOUUMcwRXlJ0s4bsyYLgDPt0OQyi56W4=", "last_login": null, "is_superuser": false, "username": "monkey", "first_name": "", "last_name": "", "email": "monkeytestmail.fi", "is_staff": false, "is_active": true, "date_joined": "2018-04-30T13:40:31.088Z", "groups": [], "user_permissions": []}}, {"model": "auth.user", "pk": 710, "fields": {"password": "pbkdf2_sha256$36000$rhAN5iyt0WZ7$I5WI9GS3EBCTGK3Rc7+3HVfTM5uQTAqa93XXw0XR46s=", "last_login": null, "is_superuser": false, "username": "aztec_aE", "first_name": "", "last_name": "", "email": "aztec_aEtestmail.fi", "is_staff": false, "is_active": true, "date_joined": "2018-04-30T13:40:31.158Z", "groups": [], "user_permissions": []}}, {"model": "auth.user", "pk": 711, "fields": {"password": "pbkdf2_sha256$36000$GaHheKWmPXr1$GSB23htihQTiV7HWrBYQvKPHUGw9sdbMm6aHNEIcuZc=", "last_login": null, "is_superuser": false, "username": "monkey_f7", "first_name": "", "last_name": "", "email": "monkey_f7testmail.fi", "is_staff": false, "is_active": true, "date_joined": "2018-04-30T13:40:31.219Z", "groups": [], "user_permissions": []}}, {"model": "auth.user", "pk": 712, "fields": {"password": "pbkdf2_sha256$36000$2Moe7eyAEjrz$pEnhL2JoMe69unWShsMaxU6BzOpC9CXj2okKsnk0QPg=", "last_login": null, "is_superuser": false, "username": "omar_ar", "first_name": "", "last_name": "", "email": "omar_artestmail.fi", "is_staff": false, "is_active": true, "date_joined": "2018-04-30T13:40:31.271Z", "groups": [], "user_permissions": []}}, {"model": "auth.user", "pk": 713, "fields": {"password": "pbkdf2_sha256$36000$1xjEEN4Z9BVT$Tsfagdu2BtDoPG/pbpLVbh7KOqeFMH3G1WgEdrZAXkU=", "last_login": null, "is_superuser": false, "username": "maya", "first_name": "", "last_name": "", "email": "mayatestmail.fi", "is_staff": false, "is_active": true, "date_joined": "2018-04-30T13:40:31.334Z", "groups": [], "user_permissions": []}}, {"model": "auth.user", "pk": 714, "fields": {"password": "pbkdf2_sha256$36000$g3cjbfjeIzan$ZydTKC03rsbnqo3hdsGcCkHWLQShKs67s3YnfeoWmmY=", "last_login": null, "is_superuser": false, "username": "carol", "first_name": "", "last_name": "", "email": "caroltestmail.fi", "is_staff": false, "is_active": true, "date_joined": "2018-04-30T13:40:31.396Z", "groups": [], "user_permissions": []}}, {"model": "auth.user", "pk": 715, "fields": {"password": "pbkdf2_sha256$36000$zRNdKCc3WErr$st7gNmur4Jt0wToL4ja/N3z+pOApRob9FDm7SPGygws=", "last_login": null, "is_superuser": false, "username": "aztec_c8", "first_name": "", "last_name": "", "email": "aztec_c8testmail.fi", "is_staff": false, "is_active": true, "date_joined": "2018-04-30T13:40:31.459Z", "groups": [], "user_permissions": []}}, {"model": "auth.user", "pk": 716, "fields": {"password": "pbkdf2_sha256$36000$HQRdrhZ7xVvV$n6HuAiLcmY+s7EyT/wQquEweoOqRDbb5sg48cBLlK48=", "last_login": null, "is_superuser": false, "username": "omar_GV", "first_name": "", "last_name": "", "email": "omar_GVtestmail.fi", "is_staff": false, "is_active": true, "date_joined": "2018-04-30T13:40:31.521Z", "groups": [], "user_permissions": []}}, {"model": "auth.user", "pk": 717, "fields": {"password": "pbkdf2_sha256$36000$KnReJJ5lr4qL$OcuidW1vKx28AqsAUBvQzu4es1L+Wbd9QS7XpEZyMZk=", "last_login": null, "is_superuser": false, "username": "aztec_VY", "first_name": "", "last_name": "", "email": "aztec_VYtestmail.fi", "is_staff": false, "is_active": true, "date_joined": "2018-04-30T13:40:31.584Z", "groups": [], "user_permissions": []}}, {"model": "auth.user", "pk": 718, "fields": {"password": "pbkdf2_sha256$36000$AJ34W1bKn8al$Yb9pykr2rW85p2CtWQP1Shu1TxhDwXGUzFKe2hHl5d0=", "last_login": null, "is_superuser": false, "username": "cora", "first_name": "", "last_name": "", "email": "coratestmail.fi", "is_staff": false, "is_active": true, "date_joined": "2018-04-30T13:40:31.662Z", "groups": [], "user_permissions": []}}, {"model": "auth.user", "pk": 719, "fields": {"password": "pbkdf2_sha256$36000$I7W9SqzxQVbB$2tf6TFPQYCne7L5A4XR4XmNb4iN82SghkYqe3YasNsw=", "last_login": null, "is_superuser": false, "username": "jimbo", "first_name": "", "last_name": "", "email": "jimbotestmail.fi", "is_staff": false, "is_active": true, "date_joined": "2018-04-30T13:40:31.719Z", "groups": [], "user_permissions": []}}, {"model": "auth.user", "pk": 720, "fields": {"password": "pbkdf2_sha256$36000$NJkGZqQfejfm$MKIkEgEFeKcPxU5CFe9xX8bpSzDgy9fO313FqX9/Ay4=", "last_login": null, "is_superuser": false, "username": "aztec_ld", "first_name": "", "last_name": "", "email": "aztec_ldtestmail.fi", "is_staff": false, "is_active": true, "date_joined": "2018-04-30T13:40:31.782Z", "groups": [], "user_permissions": []}}, {"model": "auth.user", "pk": 721, "fields": {"password": "pbkdf2_sha256$36000$ixO7rQub44Qv$ArABapDjW6L2pNm10BeHil7npwdnQBxlalpCZD6yBr0=", "last_login": null, "is_superuser": false, "username": "rolf", "first_name": "", "last_name": "", "email": "rolftestmail.fi", "is_staff": false, "is_active": true, "date_joined": "2018-04-30T13:40:31.844Z", "groups": [], "user_permissions": []}}, {"model": "auth.user", "pk": 722, "fields": {"password": "pbkdf2_sha256$36000$a0BdqT3OLkPp$rCPSnkHg6UrEiw8XcWEPde7g60rOkW4xVI5iulazVsE=", "last_login": null, "is_superuser": false, "username": "carol_88", "first_name": "", "last_name": "", "email": "carol_88testmail.fi", "is_staff": false, "is_active": true, "date_joined": "2018-04-30T13:40:31.907Z", "groups": [], "user_permissions": []}}, {"model": "auth.user", "pk": 723, "fields": {"password": "pbkdf2_sha256$36000$eyVGkTzHtfT7$/XkO7HITAoPuCUlhzdecQgRjrQXoR6ev/UGwNNpFEWU=", "last_login": null, "is_superuser": false, "username": "carol_a8", "first_name": "", "last_name": "", "email": "carol_a8testmail.fi", "is_staff": false, "is_active": true, "date_joined": "2018-04-30T13:40:31.969Z", "groups": [], "user_permissions": []}}, {"model": "auth.user", "pk": 724, "fields": {"password": "pbkdf2_sha256$36000$Skjy7kVYQhx7$OtxGET4tUS8/EcpBM+kk0wOewKcNJ5UKIAzAWJCNYYc=", "last_login": null, "is_superuser": false, "username": "cora_Un", "first_name": "", "last_name": "", "email": "cora_Untestmail.fi", "is_staff": false, "is_active": true, "date_joined": "2018-04-30T13:40:32.032Z", "groups": [], "user_permissions": []}}, {"model": "auth.user", "pk": 725, "fields": {"password": "pbkdf2_sha256$36000$vacJvAW0y0gv$/JKLxpv99VZmG4sPWqJR2kC3FPG6mSLW5KNUyF6H3ZY=", "last_login": null, "is_superuser": false, "username": "aztec_GX", "first_name": "", "last_name": "", "email": "aztec_GXtestmail.fi", "is_staff": false, "is_active": true, "date_joined": "2018-04-30T13:40:32.094Z", "groups": [], "user_permissions": []}}, {"model": "auth.user", "pk": 726, "fields": {"password": "pbkdf2_sha256$36000$fVwFFkLTdvQl$KWmpRcRqcu8sDWfuxh3ZQsukTvDml0Xvvom22AqCjsE=", "last_login": null, "is_superuser": false, "username": "jimbo_Zg", "first_name": "", "last_name": "", "email": "jimbo_Zgtestmail.fi", "is_staff": false, "is_active": true, "date_joined": "2018-04-30T13:40:32.172Z", "groups": [], "user_permissions": []}}, {"model": "auth.user", "pk": 727, "fields": {"password": "pbkdf2_sha256$36000$XxIrPRsMaaya$u3H9o5H+nJd9DwPGq2AT8Ddjy1N+7i0eFzHJGtwtxbc=", "last_login": null, "is_superuser": false, "username": "aztec_xf", "first_name": "", "last_name": "", "email": "aztec_xftestmail.fi", "is_staff": false, "is_active": true, "date_joined": "2018-04-30T13:40:32.234Z", "groups": [], "user_permissions": []}}, {"model": "auth.user", "pk": 728, "fields": {"password": "pbkdf2_sha256$36000$lq81xaYZuwCO$gpv1mLd0yqlzWinyIGQnshQPQqnIZLErZQxrGter0nw=", "last_login": null, "is_superuser": false, "username": "rolf_UK", "first_name": "", "last_name": "", "email": "rolf_UKtestmail.fi", "is_staff": false, "is_active": true, "date_joined": "2018-04-30T13:40:32.297Z", "groups": [], "user_permissions": []}}, {"model": "auth.user", "pk": 729, "fields": {"password": "pbkdf2_sha256$36000$5Qwzgk2egLKQ$fGQxYxl2cIO+dba43rvA3YcV98VWGVGs3zYNAl2MZCw=", "last_login": null, "is_superuser": false, "username": "omar_vs", "first_name": "", "last_name": "", "email": "omar_vstestmail.fi", "is_staff": false, "is_active": true, "date_joined": "2018-04-30T13:40:32.359Z", "groups": [], "user_permissions": []}}, {"model": "auth.user", "pk": 730, "fields": {"password": "pbkdf2_sha256$36000$hv1sN0BHjTtc$lP/0pJHMaedZlTJG1R5NdnsnxZBcj7ypeO+JTj3t3BA=", "last_login": null, "is_superuser": false, "username": "monkey_Cm", "first_name": "", "last_name": "", "email": "monkey_Cmtestmail.fi", "is_staff": false, "is_active": true, "date_joined": "2018-04-30T13:40:32.406Z", "groups": [], "user_permissions": []}}, {"model": "auth.user", "pk": 731, "fields": {"password": "pbkdf2_sha256$36000$gj8zHhZm0D7m$M2Qcb5C23j0BYOUUqAJ1rM+XuhRW0xfsa+aFsQ42Edo=", "last_login": null, "is_superuser": false, "username": "carol_7V", "first_name": "", "last_name": "", "email": "carol_7Vtestmail.fi", "is_staff": false, "is_active": true, "date_joined": "2018-04-30T13:40:32.484Z", "groups": [], "user_permissions": []}}, {"model": "auth.user", "pk": 732, "fields": {"password": "pbkdf2_sha256$36000$frfIpnJmUGvu$Dzat4VMDHEUlq12WET5e0rrt2vXgW+7v4faTJFVirbY=", "last_login": null, "is_superuser": false, "username": "omar_LZ", "first_name": "", "last_name": "", "email": "omar_LZtestmail.fi", "is_staff": false, "is_active": true, "date_joined": "2018-04-30T13:40:32.547Z", "groups": [], "user_permissions": []}}, {"model": "auth.user", "pk": 733, "fields": {"password": "pbkdf2_sha256$36000$8f2EB6KOzHvq$PYqSgsdZF8dTLzVJlzPya6f9ZUbE9o+J26xtNDiSJL4=", "last_login": null, "is_superuser": false, "username": "jimbo_LT", "first_name": "", "last_name": "", "email": "jimbo_LTtestmail.fi", "is_staff": false, "is_active": true, "date_joined": "2018-04-30T13:40:32.609Z", "groups": [], "user_permissions": []}}, {"model": "auth.user", "pk": 734, "fields": {"password": "pbkdf2_sha256$36000$86OKM9E805p3$B6s+zrwy9bsxk0nGms1IO0jFq7LqQM0oGz59yIaGnyM=", "last_login": null, "is_superuser": false, "username": "maya_bk", "first_name": "", "last_name": "", "email": "maya_bktestmail.fi", "is_staff": false, "is_active": true, "date_joined": "2018-04-30T13:40:32.687Z", "groups": [], "user_permissions": []}}, {"model": "auth.user", "pk": 735, "fields": {"password": "pbkdf2_sha256$36000$6NbUe6WgFrzp$2EutKkeXg+EQzJLGvuDV83mwFajym0y19c+3fZHJ+UA=", "last_login": null, "is_superuser": false, "username": "carol_2O", "first_name": "", "last_name": "", "email": "carol_2Otestmail.fi", "is_staff": false, "is_active": true, "date_joined": "2018-04-30T13:40:32.744Z", "groups": [], "user_permissions": []}}, {"model": "auth.user", "pk": 736, "fields": {"password": "pbkdf2_sha256$36000$lwUOSWps7Flt$/ZVNNYGE9QuakBOfjgSx4cReUn5g9ftlfAFJkbQAZZU=", "last_login": null, "is_superuser": false, "username": "benny_Lj", "first_name": "", "last_name": "", "email": "benny_Ljtestmail.fi", "is_staff": false, "is_active": true, "date_joined": "2018-04-30T13:40:32.807Z", "groups": [], "user_permissions": []}}, {"model": "auth.user", "pk": 737, "fields": {"password": "pbkdf2_sha256$36000$IXlMHjeuH0ER$UqVgNFJyv3R5EMctxrBbbGo6qHPfdokJMJIttxjLzDI=", "last_login": null, "is_superuser": false, "username": "carol_c1", "first_name": "", "last_name": "", "email": "carol_c1testmail.fi", "is_staff": false, "is_active": true, "date_joined": "2018-04-30T13:40:32.869Z", "groups": [], "user_permissions": []}}, {"model": "auth.user", "pk": 738, "fields": {"password": "pbkdf2_sha256$36000$eShm99h1bcWJ$svAvWs7Tp7Hfi9Ud16nVjNmZk9cSw0jrl4i+m0BvC+M=", "last_login": null, "is_superuser": false, "username": "benny_K5", "first_name": "", "last_name": "", "email": "benny_K5testmail.fi", "is_staff": false, "is_active": true, "date_joined": "2018-04-30T13:40:32.932Z", "groups": [], "user_permissions": []}}, {"model": "auth.user", "pk": 739, "fields": {"password": "pbkdf2_sha256$36000$oHtYdA7ANGGa$kPGJbXNPz73/TBR/DJp+N9Jz4C7BFHUv78lop263eE4=", "last_login": null, "is_superuser": false, "username": "carol_Ps", "first_name": "", "last_name": "", "email": "carol_Pstestmail.fi", "is_staff": false, "is_active": true, "date_joined": "2018-04-30T13:40:33.025Z", "groups": [], "user_permissions": []}}, {"model": "auth.user", "pk": 740, "fields": {"password": "pbkdf2_sha256$36000$Ho0PswPe3MXH$SmknChI8l8typcjDbj8Ahw+h2/g14MzeoWMQTLdCgI4=", "last_login": null, "is_superuser": false, "username": "zorro", "first_name": "", "last_name": "", "email": "zorrotestmail.fi", "is_staff": false, "is_active": true, "date_joined": "2018-04-30T13:40:33.088Z", "groups": [], "user_permissions": []}}, {"model": "auth.user", "pk": 741, "fields": {"password": "pbkdf2_sha256$36000$orSgJoVDJwn9$s5D/GGRHfq3xTBAwmticsydFZalXpAu9WMWu2kFGYBA=", "last_login": null, "is_superuser": false, "username": "benny_ef", "first_name": "", "last_name": "", "email": "benny_eftestmail.fi", "is_staff": false, "is_active": true, "date_joined": "2018-04-30T13:40:33.149Z", "groups": [], "user_permissions": []}}, {"model": "auth.user", "pk": 742, "fields": {"password": "pbkdf2_sha256$36000$Czx5jyumniSe$1PcskbdczEXFSWe7/P0Jns14ustcn1LPKhUakQW49NA=", "last_login": null, "is_superuser": false, "username": "omar_vS", "first_name": "", "last_name": "", "email": "omar_vStestmail.fi", "is_staff": false, "is_active": true, "date_joined": "2018-04-30T13:40:33.204Z", "groups": [], "user_permissions": []}}, {"model": "auth.user", "pk": 743, "fields": {"password": "pbkdf2_sha256$36000$ixX2FJnXUcle$wHVWB8EXGs1ekKITH7UXMVHLRQcWItlG262+uQ/izjg=", "last_login": null, "is_superuser": false, "username": "rolf_Qc", "first_name": "", "last_name": "", "email": "rolf_Qctestmail.fi", "is_staff": false, "is_active": true, "date_joined": "2018-04-30T13:40:33.272Z", "groups": [], "user_permissions": []}}, {"model": "auth.user", "pk": 744, "fields": {"password": "pbkdf2_sha256$36000$jx8jTEi2Zocn$wZCRo57R81rja0S46fWGJC16reTom9uFAtVHYu+t6as=", "last_login": null, "is_superuser": false, "username": "omar_OI", "first_name": "", "last_name": "", "email": "omar_OItestmail.fi", "is_staff": false, "is_active": true, "date_joined": "2018-04-30T13:40:33.322Z", "groups": [], "user_permissions": []}}, {"model": "auth.user", "pk": 745, "fields": {"password": "pbkdf2_sha256$36000$eE3O13vr6JFq$damdVtUuskkKQYOw3oK0ehVtmhFE3dajMnXseirA0BE=", "last_login": null, "is_superuser": false, "username": "cora_PF", "first_name": "", "last_name": "", "email": "cora_PFtestmail.fi", "is_staff": false, "is_active": true, "date_joined": "2018-04-30T13:40:33.384Z", "groups": [], "user_permissions": []}}, {"model": "auth.user", "pk": 746, "fields": {"password": "pbkdf2_sha256$36000$cVnWrwTT1vV1$I/uoU8R+zkNgh4eNJ0rnu/KlfGOFRHFkFPXWzuLz+cw=", "last_login": null, "is_superuser": false, "username": "benny_hP", "first_name": "", "last_name": "", "email": "benny_hPtestmail.fi", "is_staff": false, "is_active": true, "date_joined": "2018-04-30T13:40:33.447Z", "groups": [], "user_permissions": []}}, {"model": "auth.user", "pk": 747, "fields": {"password": "pbkdf2_sha256$36000$VxV7BqxVjjGz$7VVK71EupqIaiOw3e/i41qi+ogEC2ydFQ+DNq16OWnE=", "last_login": null, "is_superuser": false, "username": "cora_S7", "first_name": "", "last_name": "", "email": "cora_S7testmail.fi", "is_staff": false, "is_active": true, "date_joined": "2018-04-30T13:40:33.525Z", "groups": [], "user_permissions": []}}, {"model": "auth.user", "pk": 748, "fields": {"password": "pbkdf2_sha256$36000$Qo7wenezyEii$iDreMLnx6OCX5B7iwuBYpNHdFIzCQrX6JCJhs4dm9kI=", "last_login": null, "is_superuser": false, "username": "maya_Jw", "first_name": "", "last_name": "", "email": "maya_Jwtestmail.fi", "is_staff": false, "is_active": true, "date_joined": "2018-04-30T13:40:33.587Z", "groups": [], "user_permissions": []}}, {"model": "auth.user", "pk": 749, "fields": {"password": "pbkdf2_sha256$36000$fyKBqWdwJ9Nd$VVp4ki1iuV8TrlWeDJhB28E39Vup7GJVL5RceMRNaDU=", "last_login": null, "is_superuser": false, "username": "monkey_Ei", "first_name": "", "last_name": "", "email": "monkey_Eitestmail.fi", "is_staff": false, "is_active": true, "date_joined": "2018-04-30T13:40:33.650Z", "groups": [], "user_permissions": []}}, {"model": "auth.user", "pk": 750, "fields": {"password": "pbkdf2_sha256$36000$swn2wzDKa828$nWsD6adVjT5m55/cvRD0bVqil685Dib6JRb7NPaf4ck=", "last_login": null, "is_superuser": false, "username": "zorro_hQ", "first_name": "", "last_name": "", "email": "zorro_hQtestmail.fi", "is_staff": false, "is_active": true, "date_joined": "2018-04-30T13:40:33.704Z", "groups": [], "user_permissions": []}}, {"model": "auth.user", "pk": 751, "fields": {"password": "pbkdf2_sha256$36000$96V7av08IZG6$wgH5Wz+/snhl2Ll7EMTdHrwu2kUDvlSmKZmLhJFK8Hk=", "last_login": null, "is_superuser": false, "username": "carol_Bq", "first_name": "", "last_name": "", "email": "carol_Bqtestmail.fi", "is_staff": false, "is_active": true, "date_joined": "2018-04-30T13:40:33.779Z", "groups": [], "user_permissions": []}}, {"model": "auth.user", "pk": 752, "fields": {"password": "pbkdf2_sha256$36000$Sx8yQQcqI5k5$nZfH8CnTfJrq5EFuE2PzdSMwwlXrYhOKMuS0Hc7eYYw=", "last_login": null, "is_superuser": false, "username": "cora_QT", "first_name": "", "last_name": "", "email": "cora_QTtestmail.fi", "is_staff": false, "is_active": true, "date_joined": "2018-04-30T13:40:33.842Z", "groups": [], "user_permissions": []}}, {"model": "auth.user", "pk": 753, "fields": {"password": "pbkdf2_sha256$36000$ulCPYXp3OF1U$mvPH3Q0cfpL7rr81TvEe7/C7M9GcZ7J4XFvg3iUSG9Q=", "last_login": null, "is_superuser": false, "username": "carol_Ah", "first_name": "", "last_name": "", "email": "carol_Ahtestmail.fi", "is_staff": false, "is_active": true, "date_joined": "2018-04-30T13:40:33.904Z", "groups": [], "user_permissions": []}}, {"model": "auth.user", "pk": 754, "fields": {"password": "pbkdf2_sha256$36000$x2LsjjMQKbu1$Pe8vrCoQdEtBKhr80gnMwXsrW+nHbpStYBStbRd1I6o=", "last_login": null, "is_superuser": false, "username": "rolf_bP", "first_name": "", "last_name": "", "email": "rolf_bPtestmail.fi", "is_staff": false, "is_active": true, "date_joined": "2018-04-30T13:40:33.967Z", "groups": [], "user_permissions": []}}, {"model": "auth.user", "pk": 755, "fields": {"password": "pbkdf2_sha256$36000$AfPwwpNhuD6J$guPIgToqWO5wt+umaxLrWJ5YJ8PZkPQRpQAKd0TNOAY=", "last_login": null, "is_superuser": false, "username": "alf", "first_name": "", "last_name": "", "email": "alf@trader.fi", "is_staff": false, "is_active": true, "date_joined": "2018-04-30T13:40:34.029Z", "groups": [], "user_permissions": []}}, {"model": "auth.user", "pk": 756, "fields": {"password": "pbkdf2_sha256$36000$toNp9FMPbAJ1$f7kWzKIKqdGD/zGyN1HNtA+uo3gQ7QYeSNJSv+oI9Dg=", "last_login": null, "is_superuser": false, "username": "seller", "first_name": "", "last_name": "", "email": "seller@trader.fi", "is_staff": false, "is_active": true, "date_joined": "2018-04-30T13:40:34.107Z", "groups": [], "user_permissions": []}}, {"model": "YAAS_App.bid", "pk": 29, "fields": {"auction_id": 410, "bidder": 729, "bid_value": "24.00", "bid_datetime": "2018-04-30T23:40:34.734Z"}}, {"model": "YAAS_App.bid", "pk": 30, "fields": {"auction_id": 403, "bidder": 750, "bid_value": "67.00", "bid_datetime": "2018-04-30T17:40:34.734Z"}}, {"model": "YAAS_App.bid", "pk": 31, "fields": {"auction_id": 389, "bidder": 755, "bid_value": "23.00", "bid_datetime": "2018-04-30T20:40:34.750Z"}}, {"model": "YAAS_App.bid", "pk": 32, "fields": {"auction_id": 391, "bidder": 730, "bid_value": "5.00", "bid_datetime": "2018-04-30T17:40:34.766Z"}}, {"model": "YAAS_App.bid", "pk": 33, "fields": {"auction_id": 434, "bidder": 729, "bid_value": "60.00", "bid_datetime": "2018-04-30T17:40:34.781Z"}}, {"model": "YAAS_App.bid", "pk": 34, "fields": {"auction_id": 390, "bidder": 729, "bid_value": "19.00", "bid_datetime": "2018-04-30T23:40:34.797Z"}}, {"model": "YAAS_App.bid", "pk": 35, "fields": {"auction_id": 404, "bidder": 718, "bid_value": "27.00", "bid_datetime": "2018-04-30T22:40:34.812Z"}}, {"model": "YAAS_App.bid", "pk": 36, "fields": {"auction_id": 411, "bidder": 751, "bid_value": "46.00", "bid_datetime": "2018-04-30T17:40:34.812Z"}}, {"model": "YAAS_App.bid", "pk": 37, "fields": {"auction_id": 388, "bidder": 722, "bid_value": "53.00", "bid_datetime": "2018-04-30T17:40:34.828Z"}}, {"model": "YAAS_App.bid", "pk": 38, "fields": {"auction_id": 427, "bidder": 747, "bid_value": "10.00", "bid_datetime": "2018-04-30T18:40:34.844Z"}}, {"model": "YAAS_App.bid", "pk": 39, "fields": {"auction_id": 404, "bidder": 733, "bid_value": "31.00", "bid_datetime": "2018-04-30T19:40:34.859Z"}}, {"model": "YAAS_App.bid", "pk": 40, "fields": {"auction_id": 408, "bidder": 719, "bid_value": "22.00", "bid_datetime": "2018-04-30T18:40:34.859Z"}}, {"model": "YAAS_App.bid", "pk": 41, "fields": {"auction_id": 414, "bidder": 734, "bid_value": "68.00", "bid_datetime": "2018-04-30T22:40:34.875Z"}}, {"model": "YAAS_App.bid", "pk": 42, "fields": {"auction_id": 402, "bidder": 705, "bid_value": "11.00", "bid_datetime": "2018-04-30T17:40:34.891Z"}}, {"model": "YAAS_App.auction", "pk": 387, "fields": {"seller": 705, "title": "Selling a Hand Saw", "auction_status": "A", "description": "Old Hand Saw in good condition.", "start_price": "58.00", "latest_bid": "58.00", "endtime": "2018-05-03T19:40:00Z", "lockedby": "#"}}, {"model": "YAAS_App.auction", "pk": 388, "fields": {"seller": 708, "title": "Selling a Window", "auction_status": "A", "description": "Old Window in good condition.", "start_price": "47.00", "latest_bid": "47.00", "endtime": "2018-05-03T19:40:00Z", "lockedby": "#"}}, {"model": "YAAS_App.auction", "pk": 389, "fields": {"seller": 740, "title": "Selling a Hammer", "auction_status": "A", "description": "Old Hammer in good condition.", "start_price": "20.00", "latest_bid": "20.00", "endtime": "2018-05-03T19:40:00Z", "lockedby": "#"}}, {"model": "YAAS_App.auction", "pk": 390, "fields": {"seller": 740, "title": "Selling a Window", "auction_status": "A", "description": "Old Window in good condition.", "start_price": "18.00", "latest_bid": "18.00", "endtime": "2018-05-03T19:40:00Z", "lockedby": "#"}}, {"model": "YAAS_App.auction", "pk": 391, "fields": {"seller": 713, "title": "Selling a Hand Plane", "auction_status": "A", "description": "Old Hand Plane in good condition.", "start_price": "1.00", "latest_bid": "1.00", "endtime": "2018-05-03T19:40:00Z", "lockedby": "#"}}, {"model": "YAAS_App.auction", "pk": 392, "fields": {"seller": 705, "title": "Selling a Hand Saw", "auction_status": "A", "description": "Old Hand Saw in good condition.", "start_price": "42.00", "latest_bid": "42.00", "endtime": "2018-05-03T19:40:00Z", "lockedby": "#"}}, {"model": "YAAS_App.auction", "pk": 393, "fields": {"seller": 719, "title": "Selling a Statue", "auction_status": "A", "description": "Old Statue in good condition.", "start_price": "39.00", "latest_bid": "39.00", "endtime": "2018-05-03T19:40:00Z", "lockedby": "#"}}, {"model": "YAAS_App.auction", "pk": 394, "fields": {"seller": 714, "title": "Selling a Window", "auction_status": "A", "description": "Old Window in good condition.", "start_price": "41.00", "latest_bid": "41.00", "endtime": "2018-05-03T19:40:00Z", "lockedby": "#"}}, {"model": "YAAS_App.auction", "pk": 395, "fields": {"seller": 707, "title": "Selling a Bicycle", "auction_status": "A", "description": "Old Bicycle in good condition.", "start_price": "63.00", "latest_bid": "63.00", "endtime": "2018-05-03T19:40:00Z", "lockedby": "#"}}, {"model": "YAAS_App.auction", "pk": 396, "fields": {"seller": 718, "title": "Selling a Hand Saw", "auction_status": "A", "description": "Old Hand Saw in good condition.", "start_price": "59.00", "latest_bid": "59.00", "endtime": "2018-05-03T19:40:00Z", "lockedby": "#"}}, {"model": "YAAS_App.auction", "pk": 397, "fields": {"seller": 707, "title": "Selling a Hand Plane", "auction_status": "A", "description": "Old Hand Plane in good condition.", "start_price": "24.00", "latest_bid": "24.00", "endtime": "2018-05-03T19:40:00Z", "lockedby": "#"}}, {"model": "YAAS_App.auction", "pk": 398, "fields": {"seller": 708, "title": "Selling a Hammer", "auction_status": "A", "description": "Old Hammer in good condition.", "start_price": "60.00", "latest_bid": "60.00", "endtime": "2018-05-03T19:40:00Z", "lockedby": "#"}}, {"model": "YAAS_App.auction", "pk": 399, "fields": {"seller": 719, "title": "Selling a Hand Saw", "auction_status": "A", "description": "Old Hand Saw in good condition.", "start_price": "6.00", "latest_bid": "6.00", "endtime": "2018-05-03T19:40:00Z", "lockedby": "#"}}, {"model": "YAAS_App.auction", "pk": 400, "fields": {"seller": 740, "title": "Selling a Hand Plane", "auction_status": "A", "description": "Old Hand Plane in good condition.", "start_price": "8.00", "latest_bid": "8.00", "endtime": "2018-05-03T19:40:00Z", "lockedby": "#"}}, {"model": "YAAS_App.auction", "pk": 401, "fields": {"seller": 718, "title": "Selling a Statue", "auction_status": "A", "description": "Old Statue in good condition.", "start_price": "69.00", "latest_bid": "69.00", "endtime": "2018-05-03T19:40:00Z", "lockedby": "#"}}, {"model": "YAAS_App.auction", "pk": 402, "fields": {"seller": 721, "title": "Selling a Nail", "auction_status": "A", "description": "Old Nail in good condition.", "start_price": "8.00", "latest_bid": "8.00", "endtime": "2018-05-03T19:40:00Z", "lockedby": "#"}}, {"model": "YAAS_App.auction", "pk": 403, "fields": {"seller": 705, "title": "Selling a Window", "auction_status": "A", "description": "Old Window in good condition.", "start_price": "60.00", "latest_bid": "60.00", "endtime": "2018-05-03T19:40:00Z", "lockedby": "#"}}, {"model": "YAAS_App.auction", "pk": 404, "fields": {"seller": 707, "title": "Selling a Hand Plane", "auction_status": "A", "description": "Old Hand Plane in good condition.", "start_price": "26.00", "latest_bid": "26.00", "endtime": "2018-05-03T19:40:00Z", "lockedby": "#"}}, {"model": "YAAS_App.auction", "pk": 405, "fields": {"seller": 718, "title": "Selling a Bicycle", "auction_status": "A", "description": "Old Bicycle in good condition.", "start_price": "10.00", "latest_bid": "10.00", "endtime": "2018-05-03T19:40:00Z", "lockedby": "#"}}, {"model": "YAAS_App.auction", "pk": 406, "fields": {"seller": 705, "title": "Selling a Statue", "auction_status": "A", "description": "Old Statue in good condition.", "start_price": "39.00", "latest_bid": "39.00", "endtime": "2018-05-03T19:40:00Z", "lockedby": "#"}}, {"model": "YAAS_App.auction", "pk": 407, "fields": {"seller": 740, "title": "Selling a Hand Plane", "auction_status": "A", "description": "Old Hand Plane in good condition.", "start_price": "63.00", "latest_bid": "63.00", "endtime": "2018-05-03T19:40:00Z", "lockedby": "#"}}, {"model": "YAAS_App.auction", "pk": 408, "fields": {"seller": 740, "title": "Selling a Bicycle", "auction_status": "A", "description": "Old Bicycle in good condition.", "start_price": "13.00", "latest_bid": "13.00", "endtime": "2018-05-03T19:40:00Z", "lockedby": "#"}}, {"model": "YAAS_App.auction", "pk": 409, "fields": {"seller": 719, "title": "Selling a Hand Plane", "auction_status": "A", "description": "Old Hand Plane in good condition.", "start_price": "60.00", "latest_bid": "60.00", "endtime": "2018-05-03T19:40:00Z", "lockedby": "#"}}, {"model": "YAAS_App.auction", "pk": 410, "fields": {"seller": 713, "title": "Selling a Bicycle", "auction_status": "A", "description": "Old Bicycle in good condition.", "start_price": "19.00", "latest_bid": "19.00", "endtime": "2018-05-03T19:40:00Z", "lockedby": "#"}}, {"model": "YAAS_App.auction", "pk": 411, "fields": {"seller": 708, "title": "Selling a Window", "auction_status": "A", "description": "Old Window in good condition.", "start_price": "43.00", "latest_bid": "43.00", "endtime": "2018-05-03T19:40:00Z", "lockedby": "#"}}, {"model": "YAAS_App.auction", "pk": 412, "fields": {"seller": 709, "title": "Selling a Nail", "auction_status": "A", "description": "Old Nail in good condition.", "start_price": "52.00", "latest_bid": "52.00", "endtime": "2018-05-03T19:40:00Z", "lockedby": "#"}}, {"model": "YAAS_App.auction", "pk": 413, "fields": {"seller": 705, "title": "Selling a Nail", "auction_status": "A", "description": "Old Nail in good condition.", "start_price": "30.00", "latest_bid": "30.00", "endtime": "2018-05-03T19:40:00Z", "lockedby": "#"}}, {"model": "YAAS_App.auction", "pk": 414, "fields": {"seller": 714, "title": "Selling a Hand Saw", "auction_status": "A", "description": "Old Hand Saw in good condition.", "start_price": "65.00", "latest_bid": "65.00", "endtime": "2018-05-03T19:40:00Z", "lockedby": "#"}}, {"model": "YAAS_App.auction", "pk": 415, "fields": {"seller": 708, "title": "Selling a Bicycle", "auction_status": "A", "description": "Old Bicycle in good condition.", "start_price": "61.00", "latest_bid": "61.00", "endtime": "2018-05-03T19:40:00Z", "lockedby": "#"}}, {"model": "YAAS_App.auction", "pk": 416, "fields": {"seller": 721, "title": "Selling a Statue", "auction_status": "A", "description": "Old Statue in good condition.", "start_price": "17.00", "latest_bid": "17.00", "endtime": "2018-05-03T19:40:00Z", "lockedby": "#"}}, {"model": "YAAS_App.auction", "pk": 417, "fields": {"seller": 705, "title": "Selling a Statue", "auction_status": "A", "description": "Old Statue in good condition.", "start_price": "31.00", "latest_bid": "31.00", "endtime": "2018-05-03T19:40:00Z", "lockedby": "#"}}, {"model": "YAAS_App.auction", "pk": 418, "fields": {"seller": 713, "title": "Selling a Hammer", "auction_status": "A", "description": "Old Hammer in good condition.", "start_price": "23.00", "latest_bid": "23.00", "endtime": "2018-05-03T19:40:00Z", "lockedby": "#"}}, {"model": "YAAS_App.auction", "pk": 419, "fields": {"seller": 719, "title": "Selling a Bicycle", "auction_status": "A", "description": "Old Bicycle in good condition.", "start_price": "13.00", "latest_bid": "13.00", "endtime": "2018-05-03T19:40:00Z", "lockedby": "#"}}, {"model": "YAAS_App.auction", "pk": 420, "fields": {"seller": 708, "title": "Selling a Statue", "auction_status": "A", "description": "Old Statue in good condition.", "start_price": "44.00", "latest_bid": "44.00", "endtime": "2018-05-03T19:40:00Z", "lockedby": "#"}}, {"model": "YAAS_App.auction", "pk": 421, "fields": {"seller": 713, "title": "Selling a Nail", "auction_status": "A", "description": "Old Nail in good condition.", "start_price": "5.00", "latest_bid": "5.00", "endtime": "2018-05-03T19:40:00Z", "lockedby": "#"}}, {"model": "YAAS_App.auction", "pk": 422, "fields": {"seller": 705, "title": "Selling a Window", "auction_status": "A", "description": "Old Window in good condition.", "start_price": "23.00", "latest_bid": "23.00", "endtime": "2018-05-03T19:40:00Z", "lockedby": "#"}}, {"model": "YAAS_App.auction", "pk": 423, "fields": {"seller": 740, "title": "Selling a Window", "auction_status": "A", "description": "Old Window in good condition.", "start_price": "31.00", "latest_bid": "31.00", "endtime": "2018-05-03T19:40:00Z", "lockedby": "#"}}, {"model": "YAAS_App.auction", "pk": 424, "fields": {"seller": 707, "title": "Selling a Hammer", "auction_status": "A", "description": "Old Hammer in good condition.", "start_price": "17.00", "latest_bid": "17.00", "endtime": "2018-05-03T19:40:00Z", "lockedby": "#"}}, {"model": "YAAS_App.auction", "pk": 425, "fields": {"seller": 718, "title": "Selling a Hand Plane", "auction_status": "A", "description": "Old Hand Plane in good condition.", "start_price": "68.00", "latest_bid": "68.00", "endtime": "2018-05-03T19:40:00Z", "lockedby": "#"}}, {"model": "YAAS_App.auction", "pk": 426, "fields": {"seller": 740, "title": "Selling a Hand Plane", "auction_status": "A", "description": "Old Hand Plane in good condition.", "start_price": "19.00", "latest_bid": "19.00", "endtime": "2018-05-03T19:40:00Z", "lockedby": "#"}}, {"model": "YAAS_App.auction", "pk": 427, "fields": {"seller": 708, "title": "Selling a Hand Saw", "auction_status": "A", "description": "Old Hand Saw in good condition.", "start_price": "5.00", "latest_bid": "5.00", "endtime": "2018-05-03T19:40:00Z", "lockedby": "#"}}, {"model": "YAAS_App.auction", "pk": 428, "fields": {"seller": 719, "title": "Selling a Bicycle", "auction_status": "A", "description": "Old Bicycle in good condition.", "start_price": "19.00", "latest_bid": "19.00", "endtime": "2018-05-03T19:40:00Z", "lockedby": "#"}}, {"model": "YAAS_App.auction", "pk": 429, "fields": {"seller": 705, "title": "Selling a Bicycle", "auction_status": "A", "description": "Old Bicycle in good condition.", "start_price": "59.00", "latest_bid": "59.00", "endtime": "2018-05-03T19:40:00Z", "lockedby": "#"}}, {"model": "YAAS_App.auction", "pk": 430, "fields": {"seller": 705, "title": "Selling a Statue", "auction_status": "A", "description": "Old Statue in good condition.", "start_price": "48.00", "latest_bid": "48.00", "endtime": "2018-05-03T19:40:00Z", "lockedby": "#"}}, {"model": "YAAS_App.auction", "pk": 431, "fields": {"seller": 707, "title": "Selling a Hand Plane", "auction_status": "A", "description": "Old Hand Plane in good condition.", "start_price": "13.00", "latest_bid": "13.00", "endtime": "2018-05-03T19:40:00Z", "lockedby": "#"}}, {"model": "YAAS_App.auction", "pk": 432, "fields": {"seller": 709, "title": "Selling a Hand Plane", "auction_status": "A", "description": "Old Hand Plane in good condition.", "start_price": "16.00", "latest_bid": "16.00", "endtime": "2018-05-03T19:40:00Z", "lockedby": "#"}}, {"model": "YAAS_App.auction", "pk": 433, "fields": {"seller": 708, "title": "Selling a Hand Plane", "auction_status": "A", "description": "Old Hand Plane in good condition.", "start_price": "49.00", "latest_bid": "49.00", "endtime": "2018-05-03T19:40:00Z", "lockedby": "#"}}, {"model": "YAAS_App.auction", "pk": 434, "fields": {"seller": 721, "title": "Selling a Nail", "auction_status": "A", "description": "Old Nail in good condition.", "start_price": "55.00", "latest_bid": "55.00", "endtime": "2018-05-03T19:40:00Z", "lockedby": "#"}}, {"model": "YAAS_App.auction", "pk": 435, "fields": {"seller": 721, "title": "Selling a Statue", "auction_status": "A", "description": "Old Statue in good condition.", "start_price": "49.00", "latest_bid": "49.00", "endtime": "2018-05-03T19:40:00Z", "lockedby": "#"}}]